{"_timestamp":1.76790812793456e+09,"train/loss":4.513288929037852,"val/loss":4.302803157127067,"_wandb":{"runtime":127},"_runtime":127,"_step":2,"epoch":3,"val/acc":0.0547945205479452,"train/acc":0.04666095890410959}